,Player,Tm,G,Year,ID
0,Quincy Acy,SAC,59,2016,acyqu01
1,Jordan Adams,MEM,2,2016,adamsjo01
2,Steven Adams,OKC,80,2016,adamsst01
3,Arron Afflalo,NYK,71,2016,afflaar01
4,Alexis Ajinca,NOP,59,2016,ajincal01
5,Cole Aldrich,LAC,60,2016,aldrico01
6,LaMarcus Aldridge,SAS,74,2016,aldrila01
7,Cliff Alexander,POR,8,2016,alexacl01
8,Lavoy Allen,IND,79,2016,allenla01
9,Tony Allen,MEM,64,2016,allento01
10,Al-Farouq Aminu,POR,82,2016,aminual01
11,Lou Amundson,NYK,29,2016,amundlo01
13,Chris Andersen,MIA,7,2016,anderch01
14,Chris Andersen,MEM,20,2016,anderch01
15,Alan Anderson,WAS,13,2016,anderal01
16,James Anderson,SAC,51,2016,anderja01
17,Justin Anderson,DAL,55,2016,anderju01
18,Kyle Anderson,SAS,78,2016,anderky01
19,Ryan Anderson,NOP,66,2016,anderry01
20,Giannis Antetokounmpo,MIL,80,2016,antetgi01
21,Thanasis Antetokounmpo,NYK,2,2016,antetth01
22,Carmelo Anthony,NYK,72,2016,anthoca01
23,Joel Anthony,DET,19,2016,anthojo01
24,Keith Appling,ORL,5,2016,applike01
25,Trevor Ariza,HOU,81,2016,arizatr01
26,Darrell Arthur,DEN,70,2016,arthuda01
27,Omer Asik,NOP,68,2016,asikom01
29,D.J. Augustin,OKC,34,2016,augusdj01
30,D.J. Augustin,DEN,28,2016,augusdj01
31,Jeff Ayres,LAC,17,2016,pendeje02
32,Luke Babbitt,NOP,47,2016,babbilu01
33,Cameron Bairstow,CHI,18,2016,bairsca01
34,Leandro Barbosa,GSW,68,2016,barbole01
35,J.J. Barea,DAL,74,2016,bareajo01
36,Andrea Bargnani,BRK,46,2016,bargnan01
37,Harrison Barnes,GSW,66,2016,barneha02
38,Matt Barnes,MEM,76,2016,barnema02
39,Will Barton,DEN,82,2016,bartowi01
40,Brandon Bass,LAL,66,2016,bassbr01
41,Nicolas Batum,CHO,70,2016,batumni01
42,Jerryd Bayless,MIL,52,2016,bayleje01
43,Aron Baynes,DET,81,2016,baynear01
44,Kent Bazemore,ATL,75,2016,bazemke01
45,Bradley Beal,WAS,55,2016,bealbr01
46,Michael Beasley,HOU,20,2016,beaslmi01
47,Marco Belinelli,SAC,68,2016,belinma01
48,Anthony Bennett,TOR,19,2016,bennean01
49,Patrick Beverley,HOU,71,2016,beverpa01
50,Bismack Biyombo,TOR,82,2016,biyombi01
51,Nemanja Bjelica,MIN,60,2016,bjeline01
52,Tarik Black,LAL,39,2016,blackta01
53,DeJuan Blair,WAS,29,2016,blairde01
54,Steve Blake,DET,58,2016,blakest01
55,Eric Bledsoe,PHO,31,2016,bledser01
56,Bojan Bogdanovic,BRK,79,2016,bogdabo02
57,Andrew Bogut,GSW,70,2016,bogutan01
58,Matt Bonner,SAS,30,2016,bonnema01
59,Devin Booker,PHO,76,2016,bookede01
60,Trevor Booker,UTA,79,2016,booketr01
61,Chris Bosh,MIA,53,2016,boshch01
62,Avery Bradley,BOS,76,2016,bradlav01
63,Elton Brand,PHI,17,2016,brandel01
64,Corey Brewer,HOU,82,2016,breweco01
65,Aaron Brooks,CHI,69,2016,brookaa01
66,Anthony Brown,LAL,29,2016,brownan02
67,Lorenzo Brown,PHO,8,2016,brownlo01
68,Markel Brown,BRK,62,2016,brownma02
69,Kobe Bryant,LAL,66,2016,bryanko01
71,Chase Budinger,IND,49,2016,budinch01
72,Chase Budinger,PHO,17,2016,budinch01
73,Reggie Bullock,DET,37,2016,bullore01
74,Trey Burke,UTA,64,2016,burketr01
75,Alec Burks,UTA,31,2016,burksal01
76,Caron Butler,SAC,17,2016,butleca01
77,Jimmy Butler,CHI,67,2016,butleji01
78,Rasual Butler,SAS,46,2016,butlera01
79,Bruno Caboclo,TOR,6,2016,cabocbr01
80,Jose Calderon,NYK,72,2016,caldejo01
81,Kentavious Caldwell-Pope,DET,76,2016,caldwke01
82,Isaiah Canaan,PHI,77,2016,canaais01
83,Clint Capela,HOU,77,2016,capelca01
84,DeMarre Carroll,TOR,26,2016,carrode01
85,Vince Carter,MEM,60,2016,cartevi01
86,Michael Carter-Williams,MIL,54,2016,cartemi01
87,Omri Casspi,SAC,69,2016,casspom01
88,Willie Cauley-Stein,SAC,66,2016,caulewi01
90,Mario Chalmers,MIA,6,2016,chalmma01
91,Mario Chalmers,MEM,55,2016,chalmma01
92,Tyson Chandler,PHO,66,2016,chandty01
93,Rakeem Christmas,IND,1,2016,chrisra01
94,Ian Clark,GSW,66,2016,clarkia01
95,Coty Clarke,BOS,3,2016,clarkco01
96,Jordan Clarkson,LAL,79,2016,clarkjo01
97,Norris Cole,NOP,45,2016,coleno01
98,Darren Collison,SAC,74,2016,collida01
99,Nick Collison,OKC,59,2016,collini01
100,Mike Conley,MEM,56,2016,conlemi01
101,Pat Connaughton,POR,34,2016,connapa01
102,Chris Copeland,MIL,24,2016,copelch01
104,Bryce Cotton,PHO,3,2016,cottobr01
105,Bryce Cotton,MEM,5,2016,cottobr01
106,DeMarcus Cousins,SAC,65,2016,couside01
107,Robert Covington,PHI,67,2016,covinro01
108,Allen Crabbe,POR,81,2016,crabbal01
109,Jamal Crawford,LAC,79,2016,crawfja01
110,Jae Crowder,BOS,73,2016,crowdja01
111,Dante Cunningham,NOP,80,2016,cunnida01
113,Jared Cunningham,CLE,40,2016,cunnija01
114,Jared Cunningham,MIL,4,2016,cunnija01
115,Seth Curry,SAC,44,2016,curryse01
116,Stephen Curry,GSW,79,2016,curryst01
117,Troy Daniels,CHO,43,2016,danietr01
118,Anthony Davis,NOP,61,2016,davisan02
119,Ed Davis,POR,81,2016,davised01
120,Branden Dawson,LAC,6,2016,dawsobr01
121,Dewayne Dedmon,ORL,58,2016,dedmode01
122,Bryce Dejean-Jones,NOP,14,2016,dejeabr01
123,Sam Dekker,HOU,3,2016,dekkesa01
124,Matthew Dellavedova,CLE,76,2016,dellama01
125,Luol Deng,MIA,74,2016,denglu01
126,DeMar DeRozan,TOR,78,2016,derozde01
127,Boris Diaw,SAS,76,2016,diawbo01
128,Gorgui Dieng,MIN,82,2016,dienggo01
129,Spencer Dinwiddie,DET,12,2016,dinwisp01
130,Toney Douglas,NOP,61,2016,douglto01
131,Goran Dragic,MIA,72,2016,dragigo01
132,Andre Drummond,DET,81,2016,drumman01
133,Jared Dudley,WAS,81,2016,dudleja01
134,Duje Dukan,SAC,1,2016,dukandu01
135,Tim Duncan,SAS,61,2016,duncati01
136,Mike Dunleavy,CHI,31,2016,dunlemi02
137,Kevin Durant,OKC,72,2016,duranke01
138,Cleanthony Early,NYK,17,2016,earlycl01
139,Jarell Eddie,WAS,26,2016,eddieja01
140,Wayne Ellington,BRK,76,2016,ellinwa01
141,Monta Ellis,IND,81,2016,ellismo01
143,James Ennis,MIA,3,2016,ennisja01
144,James Ennis,MEM,10,2016,ennisja01
145,James Ennis,NOP,9,2016,ennisja01
146,Tyler Ennis,MIL,46,2016,ennisty01
147,Jeremy Evans,DAL,30,2016,evansje01
148,Tyreke Evans,NOP,25,2016,evansty01
149,Festus Ezeli,GSW,46,2016,ezelife01
150,Kenneth Faried,DEN,67,2016,farieke01
151,Jordan Farmar,MEM,12,2016,farmajo01
152,Derrick Favors,UTA,62,2016,favorde01
153,Cristiano Felicio,CHI,31,2016,feliccr01
154,Raymond Felton,DAL,80,2016,feltora01
155,Evan Fournier,ORL,79,2016,fournev01
157,Randy Foye,DEN,54,2016,foyera01
158,Randy Foye,OKC,27,2016,foyera01
160,Tim Frazier,POR,35,2016,fraziti01
161,Tim Frazier,NOP,16,2016,fraziti01
163,Jimmer Fredette,NOP,4,2016,fredeji01
164,Jimmer Fredette,NYK,2,2016,fredeji01
166,Channing Frye,ORL,44,2016,fryech01
167,Channing Frye,CLE,26,2016,fryech01
168,Danilo Gallinari,DEN,53,2016,gallida01
169,Langston Galloway,NYK,82,2016,gallola01
170,Kevin Garnett,MIN,38,2016,garneke01
171,Marc Gasol,MEM,52,2016,gasolma01
172,Pau Gasol,CHI,72,2016,gasolpa01
173,Rudy Gay,SAC,70,2016,gayru01
174,Alonzo Gee,NOP,73,2016,geeal01
175,Paul George,IND,81,2016,georgpa01
176,Taj Gibson,CHI,73,2016,gibsota01
177,Manu Ginobili,SAS,58,2016,ginobma01
178,Rudy Gobert,UTA,61,2016,goberru01
179,Drew Gooden,WAS,30,2016,goodedr01
180,Archie Goodwin,PHO,57,2016,goodwar01
181,Aaron Gordon,ORL,78,2016,gordoaa01
182,Eric Gordon,NOP,45,2016,gordoer01
183,Marcin Gortat,WAS,75,2016,gortama01
184,Andrew Goudelock,HOU,8,2016,goudean01
185,Jerami Grant,PHI,77,2016,grantje01
186,Jerian Grant,NYK,76,2016,grantje02
187,Danny Green,SAS,79,2016,greenda02
188,Draymond Green,GSW,81,2016,greendr01
190,Erick Green,DEN,3,2016,greener01
191,Erick Green,UTA,6,2016,greener01
192,Gerald Green,MIA,69,2016,greenge01
193,JaMychal Green,MEM,78,2016,greenja01
195,Jeff Green,MEM,53,2016,greenje02
196,Jeff Green,LAC,27,2016,greenje02
197,Blake Griffin,LAC,35,2016,griffbl01
198,Jorge Gutierrez,CHO,12,2016,gutiejo01
200,P.J. Hairston,CHO,48,2016,hairspj02
201,P.J. Hairston,MEM,18,2016,hairspj02
202,Jordan Hamilton,NOP,11,2016,hamiljo02
203,Tyler Hansbrough,CHO,44,2016,hansbty01
204,Tim Hardaway,ATL,51,2016,hardati02
205,James Harden,HOU,82,2016,hardeja01
206,Maurice Harkless,POR,78,2016,harklma01
207,Justin Harper,DET,5,2016,harpeju01
208,Montrezl Harrell,HOU,39,2016,harremo01
209,Devin Harris,DAL,64,2016,harride01
210,Gary Harris,DEN,76,2016,harriga01
211,Joe Harris,CLE,5,2016,harrijo01
213,Tobias Harris,ORL,49,2016,harrito02
214,Tobias Harris,DET,27,2016,harrito02
215,Aaron Harrison,CHO,21,2016,harriaa01
216,Udonis Haslem,MIA,37,2016,hasleud01
217,Spencer Hawes,CHO,57,2016,hawessp01
218,Chuck Hayes,HOU,2,2016,hayesch01
219,Gordon Hayward,UTA,80,2016,haywago01
220,Gerald Henderson,POR,72,2016,hendege02
221,John Henson,MIL,57,2016,hensojo01
222,Mario Hezonja,ORL,79,2016,hezonma01
223,Roy Hibbert,LAL,81,2016,hibbero01
225,J.J. Hickson,DEN,20,2016,hicksjj01
226,J.J. Hickson,WAS,15,2016,hicksjj01
227,Nene Hilario,WAS,57,2016,hilarne01
228,George Hill,IND,74,2016,hillge01
229,Jordan Hill,IND,73,2016,hilljo01
230,Solomon Hill,IND,59,2016,hillso01
231,Darrun Hilliard,DET,38,2016,hillida01
233,Kirk Hinrich,CHI,35,2016,hinriki01
234,Kirk Hinrich,ATL,11,2016,hinriki01
235,Jrue Holiday,NOP,65,2016,holidjr01
237,Justin Holiday,ATL,26,2016,holidju01
238,Justin Holiday,CHI,27,2016,holidju01
240,Ryan Hollins,WAS,5,2016,holliry01
241,Ryan Hollins,MEM,32,2016,holliry01
242,Rondae Hollis-Jefferson,BRK,29,2016,holliro01
243,Richaun Holmes,PHI,51,2016,holmeri01
244,Rodney Hood,UTA,79,2016,hoodro01
245,Al Horford,ATL,82,2016,horfoal01
246,Dwight Howard,HOU,71,2016,howardw01
247,Marcelo Huertas,LAL,53,2016,huertma01
248,Josh Huestis,OKC,5,2016,huestjo01
250,Kris Humphries,WAS,28,2016,humphkr01
251,Kris Humphries,PHO,4,2016,humphkr01
252,Kris Humphries,ATL,21,2016,humphkr01
253,R.J. Hunter,BOS,36,2016,hunterj01
254,Serge Ibaka,OKC,78,2016,ibakase01
255,Andre Iguodala,GSW,65,2016,iguodan01
257,Ersan Ilyasova,DET,52,2016,ilyaser01
258,Ersan Ilyasova,ORL,22,2016,ilyaser01
259,Joe Ingles,UTA,81,2016,inglejo01
260,Damien Inglis,MIL,20,2016,inglida01
261,Kyrie Irving,CLE,53,2016,irvinky01
262,Jarrett Jack,BRK,32,2016,jackja01
263,Reggie Jackson,DET,79,2016,jacksre01
264,LeBron James,CLE,76,2016,jamesle01
265,Al Jefferson,CHO,47,2016,jeffeal01
266,Cory Jefferson,PHO,8,2016,jeffeco01
267,Richard Jefferson,CLE,74,2016,jefferi01
269,John Jenkins,DAL,21,2016,jenkijo01
270,John Jenkins,PHO,22,2016,jenkijo01
272,Brandon Jennings,DET,23,2016,jennibr01
273,Brandon Jennings,ORL,25,2016,jennibr01
274,Jonas Jerebko,BOS,78,2016,jerebjo01
275,Amir Johnson,BOS,79,2016,johnsam01
276,Chris Johnson,UTA,70,2016,johnsch04
277,James Johnson,TOR,57,2016,johnsja01
279,Joe Johnson,BRK,57,2016,johnsjo02
280,Joe Johnson,MIA,24,2016,johnsjo02
282,Orlando Johnson,PHO,2,2016,johnsor01
283,Orlando Johnson,NOP,5,2016,johnsor01
284,Stanley Johnson,DET,73,2016,johnsst04
285,Tyler Johnson,MIA,36,2016,johnsty01
286,Wesley Johnson,LAC,80,2016,johnswe01
287,Nikola Jokic,DEN,80,2016,jokicni01
288,Dahntay Jones,CLE,1,2016,jonesda02
289,James Jones,CLE,48,2016,jonesja02
290,Terrence Jones,HOU,50,2016,joneste01
291,Tyus Jones,MIN,37,2016,jonesty01
292,DeAndre Jordan,LAC,77,2016,jordade01
293,Cory Joseph,TOR,80,2016,josepco01
294,Chris Kaman,POR,16,2016,kamanch01
295,Frank Kaminsky,CHO,81,2016,kaminfr01
296,Enes Kanter,OKC,82,2016,kanteen01
297,Sergey Karasev,BRK,40,2016,karasse01
298,Sasha Kaun,CLE,25,2016,kaunsa01
299,Ryan Kelly,LAL,36,2016,kellyry01
300,Michael Kidd-Gilchrist,CHO,7,2016,kiddgmi01
302,Sean Kilpatrick,DEN,8,2016,kilpase01
303,Sean Kilpatrick,BRK,23,2016,kilpase01
304,Brandon Knight,PHO,52,2016,knighbr03
305,Kyle Korver,ATL,80,2016,korveky01
306,Kosta Koufos,SAC,78,2016,koufoko01
307,Jeremy Lamb,CHO,66,2016,lambje01
308,Carl Landry,PHI,36,2016,landrca01
309,Shane Larkin,BRK,78,2016,larkish01
310,Joffrey Lauvergne,DEN,59,2016,lauvejo01
311,Zach LaVine,MIN,82,2016,lavinza01
313,Ty Lawson,HOU,53,2016,lawsoty01
314,Ty Lawson,IND,13,2016,lawsoty01
316,Courtney Lee,MEM,51,2016,leeco01
317,Courtney Lee,CHO,28,2016,leeco01
319,David Lee,BOS,30,2016,leeda02
320,David Lee,DAL,25,2016,leeda02
321,Alex Len,PHO,78,2016,lenal01
322,Kawhi Leonard,SAS,72,2016,leonaka01
323,Meyers Leonard,POR,61,2016,leoname01
324,Jon Leuer,PHO,67,2016,leuerjo01
325,Damian Lillard,POR,75,2016,lillada01
326,Jeremy Lin,CHO,78,2016,linje01
327,Shaun Livingston,GSW,78,2016,livinsh01
328,Kevon Looney,GSW,5,2016,looneke01
329,Brook Lopez,BRK,73,2016,lopezbr01
330,Robin Lopez,NYK,82,2016,lopezro01
331,Kevin Love,CLE,77,2016,loveke01
332,Kyle Lowry,TOR,77,2016,lowryky01
333,Trey Lyles,UTA,80,2016,lylestr01
335,Shelvin Mack,ATL,24,2016,macksh01
336,Shelvin Mack,UTA,28,2016,macksh01
337,Ian Mahinmi,IND,71,2016,mahinia01
338,Devyn Marble,ORL,28,2016,marblde01
339,Boban Marjanovic,SAS,54,2016,marjabo01
340,Kendall Marshall,PHI,30,2016,marshke01
341,Jarell Martin,MEM,27,2016,martija01
343,Kevin Martin,MIN,39,2016,martike02
344,Kevin Martin,SAS,16,2016,martike02
345,Wesley Matthews,DAL,78,2016,matthwe02
346,O.J. Mayo,MIL,41,2016,mayooj01
347,Luc Mbah a Moute,LAC,75,2016,mbahalu01
348,James Michael McAdoo,GSW,41,2016,mcadoja01
350,Ray McCallum,SAS,31,2016,mccalra01
351,Ray McCallum,MEM,10,2016,mccalra01
352,CJ McCollum,POR,80,2016,mccolcj01
353,T.J. McConnell,PHI,81,2016,mccontj01
354,Chris McCullough,BRK,24,2016,mcculch01
355,K.J. McDaniels,HOU,37,2016,mcdankj01
356,Doug McDermott,CHI,81,2016,mcderdo01
357,Mitch McGary,OKC,20,2016,mcgarmi01
358,JaVale McGee,DAL,34,2016,mcgeeja01
359,Ben McLemore,SAC,68,2016,mclembe01
361,Jordan McRae,PHO,7,2016,mcraejo01
362,Jordan McRae,CLE,15,2016,mcraejo01
363,Josh McRoberts,MIA,42,2016,mcrobjo01
364,Jodie Meeks,DET,3,2016,meeksjo01
365,Salah Mejri,DAL,34,2016,mejrisa01
366,Jordan Mickey,BOS,16,2016,mickejo01
367,Khris Middleton,MIL,79,2016,middlkh01
368,C.J. Miles,IND,64,2016,milescj01
370,Andre Miller,MIN,26,2016,millean02
371,Andre Miller,SAS,13,2016,millean02
372,Mike Miller,DEN,47,2016,millemi01
373,Patty Mills,SAS,81,2016,millspa02
374,Elijah Millsap,UTA,20,2016,millsel01
375,Paul Millsap,ATL,81,2016,millspa01
376,Nikola Mirotic,CHI,66,2016,mirotni01
377,Nazr Mohammed,OKC,5,2016,mohamna01
378,Greg Monroe,MIL,79,2016,monrogr01
379,Luis Montero,POR,12,2016,montelu01
380,E'Twaun Moore,CHI,59,2016,mooreet01
381,Eric Moreland,SAC,8,2016,moreler01
382,Marcus Morris,DET,80,2016,morrima03
384,Markieff Morris,PHO,37,2016,morrima02
385,Markieff Morris,WAS,27,2016,morrima02
386,Anthony Morrow,OKC,68,2016,morroan01
387,Donatas Motiejunas,HOU,37,2016,motiedo01
388,Timofey Mozgov,CLE,76,2016,mozgoti01
389,Emmanuel Mudiay,DEN,68,2016,mudiaem01
390,Shabazz Muhammad,MIN,82,2016,muhamsh01
391,Xavier Munford,MEM,14,2016,munfoxa02
392,Mike Muscala,ATL,60,2016,muscami01
393,Larry Nance,LAL,63,2016,nancela02
394,Shabazz Napier,ORL,55,2016,napiesh01
395,Gary Neal,WAS,40,2016,nealga01
396,Jameer Nelson,DEN,39,2016,nelsoja01
397,Raul Neto,UTA,81,2016,netora01
398,Andrew Nicholson,ORL,56,2016,nichoan01
399,Joakim Noah,CHI,29,2016,noahjo01
400,Nerlens Noel,PHI,67,2016,noelne01
401,Lucas Nogueira,TOR,29,2016,noguelu01
403,Steve Novak,OKC,7,2016,novakst01
404,Steve Novak,MIL,3,2016,novakst01
405,Dirk Nowitzki,DAL,75,2016,nowitdi01
406,Jusuf Nurkic,DEN,32,2016,nurkiju01
407,J.J. O'Brien,UTA,2,2016,obriejj01
408,Johnny O'Bryant,MIL,66,2016,obryajo01
409,Kyle O'Quinn,NYK,65,2016,oquinky01
410,Jahlil Okafor,PHI,53,2016,okafoja01
411,Victor Oladipo,ORL,72,2016,oladivi01
412,Kelly Olynyk,BOS,69,2016,olynyke01
413,Kelly Oubre,WAS,63,2016,oubreke01
414,Zaza Pachulia,DAL,76,2016,pachuza01
415,Kostas Papanikolaou,DEN,26,2016,papanko01
416,Jabari Parker,MIL,76,2016,parkeja01
417,Tony Parker,SAS,72,2016,parketo01
418,Chandler Parsons,DAL,61,2016,parsoch01
419,Lamar Patterson,ATL,35,2016,pattela01
420,Patrick Patterson,TOR,79,2016,pattepa01
421,Chris Paul,LAC,74,2016,paulch01
422,Adreian Payne,MIN,52,2016,paynead01
423,Cameron Payne,OKC,57,2016,payneca01
424,Elfrid Payton,ORL,73,2016,paytoel01
425,Nikola Pekovic,MIN,12,2016,pekovni01
426,Kendrick Perkins,NOP,37,2016,perkike01
427,Paul Pierce,LAC,68,2016,piercpa01
428,Tibor Pleiss,UTA,12,2016,pleisti01
429,Mason Plumlee,POR,82,2016,plumlma01
430,Miles Plumlee,MIL,61,2016,plumlmi01
431,Otto Porter,WAS,75,2016,porteot01
432,Bobby Portis,CHI,62,2016,portibo01
433,Kristaps Porzingis,NYK,72,2016,porzikr01
434,Dwight Powell,DAL,69,2016,poweldw01
435,Norman Powell,TOR,49,2016,powelno01
437,Phil Pressey,PHI,14,2016,pressph01
438,Phil Pressey,PHO,9,2016,pressph01
439,Ronnie Price,PHO,62,2016,pricero01
440,Pablo Prigioni,LAC,59,2016,prigipa01
441,Tayshaun Prince,MIN,77,2016,princta01
442,Julius Randle,LAL,81,2016,randlju01
443,Zach Randolph,MEM,68,2016,randoza01
444,J.J. Redick,LAC,75,2016,redicjj01
445,Willie Reed,BRK,39,2016,reedwi02
446,Josh Richardson,MIA,52,2016,richajo01
447,Austin Rivers,LAC,67,2016,riverau01
448,Andre Roberson,OKC,70,2016,roberan03
450,Brian Roberts,CHO,30,2016,roberbr01
451,Brian Roberts,POR,21,2016,roberbr01
452,Glenn Robinson,IND,45,2016,robingl02
453,Nate Robinson,NOP,2,2016,robinna01
454,Thomas Robinson,BRK,71,2016,robinth01
455,Rajon Rondo,SAC,72,2016,rondora01
456,Derrick Rose,CHI,66,2016,rosede01
457,Terrence Ross,TOR,73,2016,rosste01
458,Terry Rozier,BOS,39,2016,roziete01
459,Ricky Rubio,MIN,76,2016,rubiori01
460,Damjan Rudez,MIN,33,2016,rudezda01
461,Brandon Rush,GSW,72,2016,rushbr01
462,D'Angelo Russell,LAL,80,2016,russeda01
463,Robert Sacre,LAL,25,2016,sacrero01
465,JaKarr Sampson,PHI,47,2016,sampsja02
466,JaKarr Sampson,DEN,26,2016,sampsja02
467,Dennis Schroder,ATL,80,2016,schrode01
468,Luis Scola,TOR,76,2016,scolalu01
469,Mike Scott,ATL,75,2016,scottmi01
470,Thabo Sefolosha,ATL,75,2016,sefolth01
471,Kevin Seraphin,NYK,48,2016,serapke01
472,Ramon Sessions,WAS,82,2016,sessira01
473,Iman Shumpert,CLE,54,2016,shumpim01
474,Jonathon Simmons,SAS,55,2016,simmojo02
475,Henry Sims,BRK,14,2016,simshe01
476,Kyle Singler,OKC,68,2016,singlky01
477,Donald Sloan,BRK,61,2016,sloando01
478,Marcus Smart,BOS,61,2016,smartma01
479,Greg Smith,MIN,18,2016,smithgr02
481,Ish Smith,NOP,27,2016,smithis01
482,Ish Smith,PHI,50,2016,smithis01
483,J.R. Smith,CLE,77,2016,smithjr01
484,Jason Smith,ORL,76,2016,smithja02
486,Josh Smith,LAC,32,2016,smithjo03
487,Josh Smith,HOU,23,2016,smithjo03
488,Russ Smith,MEM,15,2016,smithru01
489,Tony Snell,CHI,64,2016,snellto01
490,Marreese Speights,GSW,72,2016,speigma01
491,Tiago Splitter,ATL,36,2016,splitti01
492,Nik Stauskas,PHI,73,2016,stausni01
494,Lance Stephenson,LAC,43,2016,stephla01
495,Lance Stephenson,MEM,26,2016,stephla01
497,Alex Stepheson,LAC,4,2016,stephal01
498,Alex Stepheson,MEM,4,2016,stephal01
500,Jarnell Stokes,MEM,2,2016,stokeja01
501,Jarnell Stokes,MIA,5,2016,stokeja01
502,Amar'e Stoudemire,MIA,52,2016,stoudam01
503,Rodney Stuckey,IND,58,2016,stuckro01
504,Jared Sullinger,BOS,81,2016,sullija01
505,Edy Tavares,ATL,11,2016,tavarwa01
506,Jeff Teague,ATL,79,2016,teaguje01
507,Mirza Teletovic,PHO,79,2016,teletmi01
508,Garrett Temple,WAS,80,2016,templga01
509,Jason Terry,HOU,72,2016,terryja01
510,Isaiah Thomas,BOS,82,2016,thomais02
511,Lance Thomas,NYK,59,2016,thomala01
512,Hollis Thompson,PHI,77,2016,thompho01
514,Jason Thompson,GSW,28,2016,thompja02
515,Jason Thompson,TOR,19,2016,thompja02
516,Klay Thompson,GSW,80,2016,thompkl01
517,Tristan Thompson,CLE,82,2016,thomptr01
519,Marcus Thornton,HOU,47,2016,thornma01
520,Marcus Thornton,WAS,14,2016,thornma01
521,Anthony Tolliver,DET,72,2016,tollian01
522,Axel Toupane,DEN,21,2016,toupaax01
523,Karl-Anthony Towns,MIN,82,2016,townska01
524,P.J. Tucker,PHO,82,2016,tuckepj01
525,Evan Turner,BOS,81,2016,turneev01
526,Myles Turner,IND,60,2016,turnemy01
528,Beno Udrih,MEM,8,2016,udrihbe01
529,Beno Udrih,MIA,36,2016,udrihbe01
530,Jonas Valanciunas,TOR,60,2016,valanjo01
532,Anderson Varejao,CLE,31,2016,varejan01
533,Anderson Varejao,GSW,22,2016,varejan01
534,Greivis Vasquez,MIL,23,2016,vasqugr01
535,Rashad Vaughn,MIL,70,2016,vaughra01
536,Charlie Villanueva,DAL,62,2016,villach01
537,Noah Vonleh,POR,78,2016,vonleno01
538,Nikola Vucevic,ORL,65,2016,vucevni01
539,Sasha Vujacic,NYK,61,2016,vujacsa01
540,Dwyane Wade,MIA,74,2016,wadedw01
541,Dion Waiters,OKC,78,2016,waitedi01
542,Kemba Walker,CHO,81,2016,walkeke02
543,John Wall,WAS,77,2016,walljo01
544,T.J. Warren,PHO,47,2016,warretj01
545,C.J. Watson,ORL,33,2016,watsocj01
547,Briante Weber,MEM,6,2016,weberbr01
548,Briante Weber,MIA,1,2016,weberbr01
550,Sonny Weems,PHO,36,2016,weemsso01
551,Sonny Weems,PHI,7,2016,weemsso01
552,David West,SAS,78,2016,westda01
553,Russell Westbrook,OKC,80,2016,westbru01
554,Hassan Whiteside,MIA,73,2016,whiteha01
555,Shayne Whittington,IND,7,2016,whittsh01
556,Andrew Wiggins,MIN,81,2016,wiggian01
557,C.J. Wilcox,LAC,23,2016,wilcocj01
558,Alan Williams,PHO,10,2016,willial03
559,Deron Williams,DAL,65,2016,willide01
560,Derrick Williams,NYK,80,2016,willide02
561,Elliot Williams,MEM,5,2016,williel01
562,Lou Williams,LAL,67,2016,willilo02
563,Marvin Williams,CHO,81,2016,willima02
564,Mo Williams,CLE,41,2016,willima01
565,Justise Winslow,MIA,78,2016,winslju01
566,Jeff Withey,UTA,51,2016,witheje01
567,Christian Wood,PHI,17,2016,woodch01
568,Metta World Peace,LAL,35,2016,artesro01
569,Brandan Wright,MEM,12,2016,wrighbr03
570,Delon Wright,TOR,27,2016,wrighde01
571,Tony Wroten,PHI,8,2016,wroteto01
572,James Young,BOS,29,2016,youngja01
573,Joe Young,IND,41,2016,youngjo01
574,Nick Young,LAL,54,2016,youngni01
575,Thaddeus Young,BRK,73,2016,youngth01
576,Cody Zeller,CHO,73,2016,zelleco01
577,Tyler Zeller,BOS,60,2016,zellety01
