,Player,Tm,G,Year,ID
0,Jeff Adrien,GSW,23,2011,adrieje01
1,Arron Afflalo,DEN,69,2011,afflaar01
2,Maurice Ager,MIN,4,2011,agerma01
4,Alexis Ajinca,DAL,10,2011,ajincal01
5,Alexis Ajinca,TOR,24,2011,ajincal01
6,Solomon Alabi,TOR,12,2011,alabiso01
7,Cole Aldrich,OKC,18,2011,aldrico01
8,LaMarcus Aldridge,POR,81,2011,aldrila01
9,Malik Allen,ORL,18,2011,allenma01
10,Ray Allen,BOS,80,2011,allenra02
11,Tony Allen,MEM,72,2011,allento01
12,Al-Farouq Aminu,LAC,81,2011,aminual01
13,Lou Amundson,GSW,46,2011,amundlo01
14,Chris Andersen,DEN,45,2011,anderch01
16,David Andersen,TOR,11,2011,anderda03
17,David Andersen,NOH,29,2011,anderda03
18,James Anderson,SAS,26,2011,anderja01
19,Ryan Anderson,ORL,64,2011,anderry01
21,Carmelo Anthony,DEN,50,2011,anthoca01
22,Carmelo Anthony,NYK,27,2011,anthoca01
23,Joel Anthony,MIA,75,2011,anthojo01
25,Gilbert Arenas,WAS,21,2011,arenagi01
26,Gilbert Arenas,ORL,49,2011,arenagi01
27,Trevor Ariza,NOH,75,2011,arizatr01
29,Hilton Armstrong,WAS,41,2011,armsthi01
30,Hilton Armstrong,ATL,12,2011,armsthi01
32,Carlos Arroyo,MIA,49,2011,arroyca01
33,Carlos Arroyo,BOS,15,2011,arroyca01
34,Darrell Arthur,MEM,80,2011,arthuda01
35,Omer Asik,CHI,82,2011,asikom01
36,D.J. Augustin,CHA,82,2011,augusdj01
37,Luke Babbitt,POR,24,2011,babbilu01
39,Renaldo Balkman,DEN,5,2011,balkmre01
40,Renaldo Balkman,NYK,3,2011,balkmre01
41,Marcus Banks,TOR,3,2011,banksma01
42,Leandro Barbosa,TOR,58,2011,barbole01
43,J.J. Barea,DAL,81,2011,bareajo01
44,Andrea Bargnani,TOR,66,2011,bargnan01
45,Matt Barnes,LAL,53,2011,barnema02
47,Earl Barron,PHO,12,2011,barroea01
48,Earl Barron,MIL,7,2011,barroea01
49,Earl Barron,POR,2,2011,barroea01
50,Brandon Bass,ORL,76,2011,bassbr01
51,Tony Battie,PHI,38,2011,battito01
53,Shane Battier,HOU,59,2011,battish01
54,Shane Battier,MEM,23,2011,battish01
55,Nicolas Batum,POR,80,2011,batumni01
57,Jerryd Bayless,NOH,11,2011,bayleje01
58,Jerryd Bayless,TOR,60,2011,bayleje01
59,Michael Beasley,MIN,73,2011,beaslmi01
60,Rodrigue Beaubois,DAL,28,2011,beaubro01
61,Marco Belinelli,NOH,80,2011,belinma01
62,Charlie Bell,GSW,19,2011,bellch01
63,Raja Bell,UTA,68,2011,bellra01
65,Mike Bibby,ATL,56,2011,bibbymi01
66,Mike Bibby,WAS,2,2011,bibbymi01
67,Mike Bibby,MIA,22,2011,bibbymi01
68,Andris Biedrins,GSW,59,2011,biedran01
70,Chauncey Billups,DEN,51,2011,billuch01
71,Chauncey Billups,NYK,21,2011,billuch01
72,DeJuan Blair,SAS,81,2011,blairde01
73,Steve Blake,LAL,79,2011,blakest01
74,Andray Blatche,WAS,64,2011,blatcan01
75,Eric Bledsoe,LAC,81,2011,bledser01
76,Keith Bogans,CHI,82,2011,boganke01
77,Andrew Bogut,MIL,65,2011,bogutan01
78,Matt Bonner,SAS,66,2011,bonnema01
79,Trevor Booker,WAS,65,2011,booketr01
80,Carlos Boozer,CHI,59,2011,boozeca01
81,Chris Bosh,MIA,77,2011,boshch01
82,Earl Boykins,MIL,57,2011,boykiea01
83,Craig Brackins,PHI,3,2011,brackcr01
84,Avery Bradley,BOS,31,2011,bradlav01
85,Elton Brand,PHI,81,2011,brandel01
87,Corey Brewer,MIN,56,2011,breweco01
88,Corey Brewer,DAL,13,2011,breweco01
89,Ronnie Brewer,CHI,81,2011,brewero02
90,Jon Brockman,MIL,63,2011,brockjo01
92,Aaron Brooks,HOU,34,2011,brookaa01
93,Aaron Brooks,PHO,25,2011,brookaa01
95,Derrick Brown,CHA,41,2011,brownde04
96,Derrick Brown,NYK,8,2011,brownde04
97,Kwame Brown,CHA,66,2011,brownkw01
98,Shannon Brown,LAL,82,2011,brownsh01
99,Kobe Bryant,LAL,82,2011,bryanko01
100,Chase Budinger,HOU,78,2011,budinch01
101,Caron Butler,DAL,29,2011,butleca01
103,Rasual Butler,LAC,41,2011,butlera01
104,Rasual Butler,CHI,6,2011,butlera01
105,Andrew Bynum,LAL,54,2011,bynuman01
106,Will Bynum,DET,61,2011,bynumwi01
107,Jose Calderon,TOR,68,2011,caldejo01
108,Marcus Camby,POR,59,2011,cambyma01
109,Derrick Caracter,LAL,41,2011,caracde01
110,Brian Cardinal,DAL,56,2011,cardibr01
112,Rodney Carney,GSW,25,2011,carnero01
113,Rodney Carney,MEM,2,2011,carnero01
115,DeMarre Carroll,MEM,7,2011,carrode01
116,DeMarre Carroll,HOU,5,2011,carrode01
117,Matt Carroll,CHA,54,2011,carroma01
119,Anthony Carter,DEN,14,2011,cartean01
120,Anthony Carter,NYK,19,2011,cartean01
122,Vince Carter,ORL,22,2011,cartevi01
123,Vince Carter,PHO,51,2011,cartevi01
124,Omri Casspi,SAC,71,2011,casspom01
125,Mario Chalmers,MIA,70,2011,chalmma01
126,Tyson Chandler,DAL,74,2011,chandty01
128,Wilson Chandler,NYK,51,2011,chandwi01
129,Wilson Chandler,DEN,21,2011,chandwi01
130,Josh Childress,PHO,54,2011,childjo01
132,Earl Clark,PHO,9,2011,clarkea01
133,Earl Clark,ORL,33,2011,clarkea01
135,Jarron Collins,LAC,23,2011,collija03
136,Jarron Collins,POR,5,2011,collija03
137,Jason Collins,ATL,49,2011,collija04
138,Sherron Collins,CHA,20,2011,collish01
139,Darren Collison,IND,79,2011,collida01
140,Nick Collison,OKC,71,2011,collini01
141,Mike Conley,MEM,81,2011,conlemi01
142,Brian Cook,LAC,40,2011,cookbr01
143,Daequan Cook,OKC,43,2011,cookda02
144,Marcus Cousin,UTA,4,2011,cousima01
145,DeMarcus Cousins,SAC,81,2011,couside01
146,Jamal Crawford,ATL,76,2011,crawfja01
148,Jordan Crawford,ATL,16,2011,crawfjo02
149,Jordan Crawford,WAS,26,2011,crawfjo02
151,Dante Cunningham,POR,56,2011,cunnida01
152,Dante Cunningham,CHA,22,2011,cunnida01
153,Stephen Curry,GSW,74,2011,curryst01
154,Samuel Dalembert,SAC,80,2011,dalemsa01
155,Erick Dampier,MIA,51,2011,dampier01
156,Antonio Daniels,PHI,4,2011,daniean01
157,Marquis Daniels,BOS,49,2011,daniema01
159,Baron Davis,LAC,43,2011,davisba01
160,Baron Davis,CLE,15,2011,davisba01
161,Ed Davis,TOR,65,2011,davised01
162,Glen Davis,BOS,78,2011,davisgl01
163,Austin Daye,DET,72,2011,dayeau01
164,Carlos Delfino,MIL,49,2011,delfica01
165,Luol Deng,CHI,82,2011,denglu01
166,DeMar DeRozan,TOR,82,2011,derozde01
167,Boris Diaw,CHA,82,2011,diawbo01
168,Ike Diogu,LAC,36,2011,dioguik01
169,DeSagana Diop,CHA,16,2011,diopde01
170,Keyon Dooling,MIL,80,2011,doolike01
171,Joey Dorsey,TOR,43,2011,dorsejo01
172,Toney Douglas,NYK,81,2011,douglto01
173,Chris Douglas-Roberts,MIL,44,2011,douglch01
174,Zabian Dowdell,PHO,24,2011,dowdeza01
176,Goran Dragic,PHO,48,2011,dragigo01
177,Goran Dragic,HOU,22,2011,dragigo01
178,Jared Dudley,PHO,82,2011,dudleja01
179,Chris Duhon,ORL,51,2011,duhonch01
180,Tim Duncan,SAS,76,2011,duncati01
181,Mike Dunleavy,IND,61,2011,dunlemi02
182,Ronald Dupree,TOR,3,2011,duprero01
183,Kevin Durant,OKC,78,2011,duranke01
184,Devin Ebanks,LAL,20,2011,ebankde01
185,Wayne Ellington,MIN,62,2011,ellinwa01
186,Monta Ellis,GSW,80,2011,ellismo01
187,Francisco Elson,UTA,62,2011,elsonfr01
188,Melvin Ely,DEN,30,2011,elyme01
190,Semih Erden,BOS,37,2011,erdense01
191,Semih Erden,CLE,4,2011,erdense01
192,Jeremy Evans,UTA,49,2011,evansje01
194,Maurice Evans,ATL,47,2011,evansma01
195,Maurice Evans,WAS,26,2011,evansma01
196,Reggie Evans,TOR,30,2011,evansre01
197,Tyreke Evans,SAC,57,2011,evansty01
198,Patrick Ewing,NOH,7,2011,ewingpa02
199,Christian Eyenga,CLE,44,2011,eyengch01
200,Jordan Farmar,NJN,73,2011,farmajo01
202,Derrick Favors,NJN,56,2011,favorde01
203,Derrick Favors,UTA,22,2011,favorde01
205,Raymond Felton,NYK,54,2011,feltora01
206,Raymond Felton,DEN,21,2011,feltora01
207,Rudy Fernandez,POR,78,2011,fernaru01
208,Kyrylo Fesenko,UTA,53,2011,fesenky01
209,Landry Fields,NYK,82,2011,fieldla01
210,Derek Fisher,LAL,82,2011,fishede01
211,Jonny Flynn,MIN,53,2011,flynnjo01
212,Gary Forbes,DEN,63,2011,forbega01
213,T.J. Ford,IND,41,2011,fordtj01
214,Jeff Foster,IND,56,2011,fosteje01
215,Randy Foye,LAC,63,2011,foyera01
216,Channing Frye,PHO,77,2011,fryech01
218,Dan Gadzuric,GSW,28,2011,gadzuda01
219,Dan Gadzuric,NJN,14,2011,gadzuda01
221,Sundiata Gaines,MIN,8,2011,gainesu01
222,Sundiata Gaines,TOR,6,2011,gainesu01
223,Sundiata Gaines,NJN,10,2011,gainesu01
225,Danilo Gallinari,NYK,48,2011,gallida01
226,Danilo Gallinari,DEN,14,2011,gallida01
227,Francisco Garcia,SAC,58,2011,garcifr01
228,Kevin Garnett,BOS,71,2011,garneke01
229,Marc Gasol,MEM,81,2011,gasolma01
230,Pau Gasol,LAL,82,2011,gasolpa01
231,Rudy Gay,MEM,54,2011,gayru01
233,Alonzo Gee,SAS,5,2011,geeal01
234,Alonzo Gee,WAS,11,2011,geeal01
235,Alonzo Gee,CLE,40,2011,geeal01
236,Paul George,IND,61,2011,georgpa01
237,Daniel Gibson,CLE,67,2011,gibsoda01
238,Taj Gibson,CHI,80,2011,gibsota01
239,Manu Ginobili,SAS,80,2011,ginobma01
240,Ryan Gomes,LAC,76,2011,gomesry01
241,Drew Gooden,MIL,35,2011,goodedr01
242,Ben Gordon,DET,82,2011,gordobe01
243,Eric Gordon,LAC,56,2011,gordoer01
245,Marcin Gortat,ORL,25,2011,gortama01
246,Marcin Gortat,PHO,55,2011,gortama01
247,Joey Graham,CLE,39,2011,grahajo01
248,Stephen Graham,NJN,59,2011,grahast01
249,Danny Granger,IND,79,2011,grangda01
250,Aaron Gray,NOH,41,2011,grayaa01
251,Danny Green,SAS,8,2011,greenda02
253,Jeff Green,OKC,49,2011,greenje02
254,Jeff Green,BOS,26,2011,greenje02
255,Willie Green,NOH,77,2011,greenwi01
256,Donte Greene,SAC,69,2011,greendo01
257,Orien Greene,NJN,3,2011,greenor01
258,Blake Griffin,LAC,82,2011,griffbl01
259,Hamed Haddadi,MEM,31,2011,haddaha01
260,Richard Hamilton,DET,55,2011,hamilri01
261,Tyler Hansbrough,IND,70,2011,hansbty01
263,Luke Harangody,BOS,28,2011,haranlu01
264,Luke Harangody,CLE,21,2011,haranlu01
265,James Harden,OKC,82,2011,hardeja01
266,Al Harrington,DEN,73,2011,harrial01
268,Devin Harris,NJN,54,2011,harride01
269,Devin Harris,UTA,17,2011,harride01
270,Manny Harris,CLE,54,2011,harrima01
271,Mike Harris,HOU,4,2011,harrimi01
272,Udonis Haslem,MIA,13,2011,hasleud01
273,Spencer Hawes,PHI,81,2011,hawessp01
274,Chuck Hayes,HOU,74,2011,hayesch01
275,Gordon Hayward,UTA,72,2011,haywago01
276,Lazar Hayward,MIN,42,2011,haywala01
277,Brendan Haywood,DAL,72,2011,haywobr01
278,Luther Head,SAC,36,2011,headlu01
279,Gerald Henderson,CHA,68,2011,hendege02
280,Xavier Henry,MEM,38,2011,henryxa01
281,Roy Hibbert,IND,81,2011,hibbero01
282,J.J. Hickson,CLE,80,2011,hicksjj01
283,Nene Hilario,DEN,75,2011,hilarne01
284,George Hill,SAS,76,2011,hillge01
285,Grant Hill,PHO,80,2011,hillgr01
286,Jordan Hill,HOU,72,2011,hilljo01
288,Kirk Hinrich,WAS,48,2011,hinriki01
289,Kirk Hinrich,ATL,24,2011,hinriki01
290,Jrue Holiday,PHI,82,2011,holidjr01
291,Ryan Hollins,CLE,70,2011,holliry01
292,Al Horford,ATL,77,2011,horfoal01
293,Eddie House,MIA,56,2011,houseed01
294,Dwight Howard,ORL,78,2011,howardw01
295,Josh Howard,WAS,18,2011,howarjo01
296,Juwan Howard,MIA,57,2011,howarju01
297,Lester Hudson,WAS,11,2011,hudsole01
298,Kris Humphries,NJN,74,2011,humphkr01
299,Serge Ibaka,OKC,82,2011,ibakase01
300,Andre Iguodala,PHI,67,2011,iguodan01
301,Zydrunas Ilgauskas,MIA,72,2011,ilgauzy01
302,Didier Ilunga-Mbenga,NOH,41,2011,mbengdj01
303,Ersan Ilyasova,MIL,60,2011,ilyaser01
304,Royal Ivey,OKC,25,2011,iveyro01
306,Jarrett Jack,TOR,13,2011,jackja01
307,Jarrett Jack,NOH,70,2011,jackja01
308,Darnell Jackson,SAC,59,2011,jacksda01
309,Stephen Jackson,CHA,67,2011,jacksst02
310,Damion James,NJN,25,2011,jamesda01
311,LeBron James,MIA,79,2011,jamesle01
312,Antawn Jamison,CLE,56,2011,jamisan01
314,Othyus Jeffers,SAS,1,2011,jeffeot01
315,Othyus Jeffers,WAS,16,2011,jeffeot01
316,Al Jefferson,UTA,82,2011,jeffeal01
317,Richard Jefferson,SAS,81,2011,jefferi01
319,Jared Jeffries,HOU,18,2011,jeffrja01
320,Jared Jeffries,NYK,24,2011,jeffrja01
321,Brandon Jennings,MIL,63,2011,jennibr01
322,Eugene Jeter,SAC,62,2011,jetereu01
323,Yi Jianlian,WAS,63,2011,jianlyi01
324,Amir Johnson,TOR,72,2011,johnsam01
325,Armon Johnson,POR,38,2011,johnsar02
327,Chris Johnson,POR,10,2011,johnsch03
328,Chris Johnson,BOS,4,2011,johnsch03
330,James Johnson,CHI,13,2011,johnsja01
331,James Johnson,TOR,25,2011,johnsja01
332,Joe Johnson,ATL,72,2011,johnsjo02
334,Trey Johnson,TOR,7,2011,johnstr01
335,Trey Johnson,LAL,1,2011,johnstr01
336,Wesley Johnson,MIN,79,2011,johnswe01
337,Dahntay Jones,IND,45,2011,jonesda02
338,Dominique Jones,DAL,18,2011,jonesdo02
339,James Jones,MIA,81,2011,jonesja02
340,Solomon Jones,IND,39,2011,jonesso01
341,DeAndre Jordan,LAC,80,2011,jordade01
342,Chris Kaman,LAC,32,2011,kamanch01
343,Jason Kapono,PHI,24,2011,kaponja01
344,Jason Kidd,DAL,80,2011,kiddja01
345,Andrei Kirilenko,UTA,64,2011,kirilan01
346,Linas Kleiza,TOR,39,2011,kleizli01
347,Kyle Korver,CHI,82,2011,korveky01
349,Kosta Koufos,MIN,39,2011,koufoko01
350,Kosta Koufos,DEN,11,2011,koufoko01
352,Nenad Krstic,OKC,47,2011,krstine01
353,Nenad Krstic,BOS,24,2011,krstine01
355,Carl Landry,SAC,53,2011,landrca01
356,Carl Landry,NOH,23,2011,landrca01
358,Acie Law,MEM,11,2011,lawac01
359,Acie Law,GSW,40,2011,lawac01
360,Gani Lawal,PHO,1,2011,lawalga01
361,Ty Lawson,DEN,80,2011,lawsoty01
362,Courtney Lee,HOU,81,2011,leeco01
363,David Lee,GSW,73,2011,leeda02
365,Rashard Lewis,ORL,25,2011,lewisra02
366,Rashard Lewis,WAS,32,2011,lewisra02
367,Jeremy Lin,GSW,29,2011,linje01
368,Shaun Livingston,CHA,73,2011,livinsh01
369,Brook Lopez,NJN,82,2011,lopezbr01
370,Robin Lopez,PHO,67,2011,lopezro01
371,Kevin Love,MIN,73,2011,loveke01
372,Kyle Lowry,HOU,75,2011,lowryky01
373,John Lucas III,CHI,2,2011,lucasjo02
374,Corey Maggette,MIL,67,2011,maggeco01
375,Jamaal Magloire,MIA,18,2011,magloja01
376,Ian Mahinmi,DAL,56,2011,mahinia01
377,Shawn Marion,DAL,80,2011,mariosh01
378,Sean Marks,POR,29,2011,marksse01
379,Cartier Martin,WAS,52,2011,martica01
380,Kenyon Martin,DEN,48,2011,martike01
381,Kevin Martin,HOU,80,2011,martike02
382,Roger Mason,NYK,26,2011,masonro01
383,Wesley Matthews,POR,82,2011,matthwe02
384,Jason Maxiell,DET,57,2011,maxieja01
385,Eric Maynor,OKC,82,2011,maynoer01
386,O.J. Mayo,MEM,71,2011,mayooj01
387,Luc Mbah a Moute,MIL,79,2011,mbahalu01
388,Antonio McDyess,SAS,73,2011,mcdyean01
389,JaVale McGee,WAS,79,2011,mcgeeja01
390,Tracy McGrady,DET,72,2011,mcgratr01
391,Dominic McGuire,CHA,52,2011,mcguido01
392,Josh McRoberts,IND,72,2011,mcrobjo01
393,Jodie Meeks,PHI,74,2011,meeksjo01
394,Pops Mensah-Bonsu,NOH,7,2011,mensapo01
395,C.J. Miles,UTA,78,2011,milescj01
396,Darko Milicic,MIN,69,2011,milicda01
397,Andre Miller,POR,81,2011,millean02
398,Brad Miller,HOU,60,2011,millebr01
399,Mike Miller,MIA,41,2011,millemi01
400,Patty Mills,POR,64,2011,millspa02
401,Paul Millsap,UTA,76,2011,millspa01
402,Yao Ming,HOU,5,2011,mingya01
404,Nazr Mohammed,CHA,51,2011,mohamna01
405,Nazr Mohammed,OKC,24,2011,mohamna01
406,Greg Monroe,DET,80,2011,monrogr01
408,Jamario Moon,CLE,40,2011,moonja01
409,Jamario Moon,LAC,19,2011,moonja01
410,Anthony Morrow,NJN,58,2011,morroan01
412,Timofey Mozgov,NYK,34,2011,mozgoti01
413,Timofey Mozgov,DEN,11,2011,mozgoti01
414,Byron Mullens,OKC,13,2011,mulleby01
416,Troy Murphy,NJN,18,2011,murphtr01
417,Troy Murphy,BOS,17,2011,murphtr01
418,Hamady N'Diaye,WAS,16,2011,ndiayha01
419,Eduardo Najera,CHA,31,2011,najered01
420,Steve Nash,PHO,75,2011,nashst01
421,Gary Neal,SAS,80,2011,nealga01
422,Jameer Nelson,ORL,76,2011,nelsoja01
423,Joakim Noah,CHI,48,2011,noahjo01
424,Andres Nocioni,PHI,54,2011,nocioan01
426,Steve Novak,DAL,7,2011,novakst01
427,Steve Novak,SAS,23,2011,novakst01
428,Dirk Nowitzki,DAL,73,2011,nowitdi01
429,Jermaine O'Neal,BOS,24,2011,onealje01
430,Shaquille O'Neal,BOS,37,2011,onealsh01
431,Fabricio Oberto,POR,5,2011,obertfa01
432,Lamar Odom,LAL,82,2011,odomla01
433,Emeka Okafor,NOH,72,2011,okafoem01
434,Mehmet Okur,UTA,13,2011,okurme01
435,Travis Outlaw,NJN,82,2011,outlatr01
437,Larry Owens,SAS,7,2011,owensla01
438,Larry Owens,WAS,5,2011,owensla01
439,Zaza Pachulia,ATL,79,2011,pachuza01
440,Anthony Parker,CLE,72,2011,parkean01
441,Tony Parker,SAS,78,2011,parketo01
442,Patrick Patterson,HOU,52,2011,pattepa01
443,Chris Paul,NOH,80,2011,paulch01
445,Sasha Pavlovic,DAL,10,2011,pavloal01
446,Sasha Pavlovic,NOH,4,2011,pavloal01
447,Sasha Pavlovic,BOS,17,2011,pavloal01
448,Nikola Pekovic,MIN,65,2011,pekovni01
450,Kendrick Perkins,BOS,12,2011,perkike01
451,Kendrick Perkins,OKC,17,2011,perkike01
452,Morris Peterson,OKC,4,2011,petermo01
453,Johan Petro,NJN,77,2011,petrojo01
454,Paul Pierce,BOS,80,2011,piercpa01
456,Mickael Pietrus,ORL,19,2011,pietrmi01
457,Mickael Pietrus,PHO,38,2011,pietrmi01
458,Dexter Pittman,MIA,2,2011,pittmde01
459,Quincy Pondexter,NOH,66,2011,pondequ01
460,James Posey,IND,49,2011,poseyja01
462,Leon Powe,CLE,14,2011,powele01
463,Leon Powe,MEM,16,2011,powele01
464,Josh Powell,ATL,54,2011,poweljo01
465,A.J. Price,IND,50,2011,priceaj01
466,Ronnie Price,UTA,59,2011,pricero01
467,Tayshaun Prince,DET,78,2011,princta01
469,Joel Przybilla,POR,31,2011,przybjo01
470,Joel Przybilla,CHA,5,2011,przybjo01
471,Chris Quinn,SAS,41,2011,quinnch01
472,Vladimir Radmanovic,GSW,74,2011,radmavl01
474,Anthony Randolph,NYK,17,2011,randoan01
475,Anthony Randolph,MIN,23,2011,randoan01
476,Zach Randolph,MEM,75,2011,randoza01
477,Theo Ratliff,LAL,10,2011,ratlith01
478,Andy Rautins,NYK,5,2011,rautian01
479,Michael Redd,MIL,10,2011,reddmi01
480,J.J. Redick,ORL,59,2011,redicjj01
482,Jason Richardson,PHO,25,2011,richaja01
483,Jason Richardson,ORL,55,2011,richaja01
484,Quentin Richardson,ORL,57,2011,richaqu01
485,Luke Ridnour,MIN,71,2011,ridnolu01
487,Nate Robinson,BOS,55,2011,robinna01
488,Nate Robinson,OKC,4,2011,robinna01
489,Rajon Rondo,BOS,68,2011,rondora01
490,Derrick Rose,CHI,81,2011,rosede01
491,Quinton Ross,NJN,36,2011,rossqu01
492,Brandon Roy,POR,47,2011,roybr01
493,Brandon Rush,IND,67,2011,rushbr01
494,John Salmons,MIL,73,2011,salmojo01
495,Samardo Samuels,CLE,37,2011,samuesa01
496,Larry Sanders,MIL,60,2011,sandela01
497,Brian Scalabrine,CHI,18,2011,scalabr01
498,Luis Scola,HOU,74,2011,scolalu01
499,Thabo Sefolosha,OKC,79,2011,sefolth01
500,Kevin Seraphin,WAS,58,2011,serapke01
501,Ramon Sessions,CLE,81,2011,sessira01
502,Mustafa Shakur,WAS,22,2011,shakumu01
503,Garret Siler,PHO,21,2011,silerga01
504,Bobby Simmons,SAS,2,2011,simmobo01
505,Brian Skinner,MIL,2,2011,skinnbr01
506,Craig Smith,LAC,48,2011,smithcr01
508,Ish Smith,HOU,28,2011,smithis01
509,Ish Smith,MEM,15,2011,smithis01
510,J.R. Smith,DEN,79,2011,smithjr01
511,Jason Smith,NOH,77,2011,smithja02
513,Joe Smith,NJN,4,2011,smithjo02
514,Joe Smith,LAL,12,2011,smithjo02
515,Josh Smith,ATL,77,2011,smithjo03
516,Darius Songaila,PHI,10,2011,songada01
517,Marreese Speights,PHI,64,2011,speigma01
518,Tiago Splitter,SAS,60,2011,splitti01
519,Jerry Stackhouse,MIA,7,2011,stackje01
520,Lance Stephenson,IND,12,2011,stephla01
521,DeShawn Stevenson,DAL,72,2011,stevede01
523,Peja Stojakovic,NOH,6,2011,stojape01
524,Peja Stojakovic,TOR,2,2011,stojape01
525,Peja Stojakovic,DAL,25,2011,stojape01
526,Amar'e Stoudemire,NYK,78,2011,stoudam01
527,Rodney Stuckey,DET,70,2011,stuckro01
528,DaJuan Summers,DET,22,2011,summeda01
529,Pape Sy,ATL,3,2011,sypa01
531,Jermaine Taylor,HOU,8,2011,tayloje02
532,Jermaine Taylor,SAC,26,2011,tayloje02
533,Jeff Teague,ATL,70,2011,teaguje01
534,Sebastian Telfair,MIN,37,2011,telfase01
536,Garrett Temple,SAS,3,2011,templga01
537,Garrett Temple,MIL,9,2011,templga01
538,Garrett Temple,CHA,12,2011,templga01
539,Jason Terry,DAL,82,2011,terryja01
541,Hasheem Thabeet,MEM,45,2011,thabeha01
542,Hasheem Thabeet,HOU,2,2011,thabeha01
543,Etan Thomas,ATL,13,2011,thomaet01
544,Kurt Thomas,CHI,52,2011,thomaku01
545,Tyrus Thomas,CHA,41,2011,thomaty01
546,Jason Thompson,SAC,75,2011,thompja02
548,Al Thornton,WAS,49,2011,thornal01
549,Al Thornton,GSW,22,2011,thornal01
551,Marcus Thornton,NOH,46,2011,thornma01
552,Marcus Thornton,SAC,27,2011,thornma01
553,Anthony Tolliver,MIN,65,2011,tollian01
554,Ronny Turiaf,NYK,64,2011,turiaro01
556,Hedo Turkoglu,PHO,25,2011,turkohe01
557,Hedo Turkoglu,ORL,56,2011,turkohe01
558,Evan Turner,PHI,78,2011,turneev01
559,Ekpe Udoh,GSW,58,2011,udohek01
560,Ime Udoka,SAS,20,2011,udokaim01
561,Beno Udrih,SAC,79,2011,udrihbe01
562,Ben Uzoh,NJN,42,2011,uzohbe01
563,Anderson Varejao,CLE,31,2011,varejan01
564,Greivis Vasquez,MEM,70,2011,vasqugr01
565,Charlie Villanueva,DET,76,2011,villach01
567,Sasha Vujacic,LAL,11,2011,vujacsa01
568,Sasha Vujacic,NJN,56,2011,vujacsa01
569,Dwyane Wade,MIA,76,2011,wadedw01
570,Von Wafer,BOS,58,2011,wafervo01
571,Henry Walker,NYK,61,2011,walkebi01
572,John Wall,WAS,69,2011,walljo01
573,Ben Wallace,DET,54,2011,wallabe01
575,Gerald Wallace,CHA,48,2011,wallage01
576,Gerald Wallace,POR,23,2011,wallage01
577,Luke Walton,LAL,54,2011,waltolu01
578,Willie Warren,LAC,19,2011,warrewi01
579,Hakim Warrick,PHO,80,2011,warriha01
580,C.J. Watson,CHI,82,2011,watsocj01
581,Earl Watson,UTA,80,2011,watsoea01
582,Kyle Weaver,UTA,5,2011,weaveky01
583,Martell Webster,MIN,46,2011,webstma02
584,Sonny Weems,TOR,59,2011,weemsso01
585,David West,NOH,70,2011,westda01
586,Delonte West,BOS,24,2011,westde01
587,Mario West,NJN,6,2011,westma02
588,Russell Westbrook,OKC,82,2011,westbru01
590,D.J. White,OKC,23,2011,whitedj01
591,D.J. White,CHA,24,2011,whitedj01
592,Hassan Whiteside,SAC,1,2011,whiteha01
593,Chris Wilcox,DET,57,2011,wilcoch01
594,Damien Wilkins,ATL,52,2011,wilkida02
596,Deron Williams,UTA,53,2011,willide01
597,Deron Williams,NJN,12,2011,willide01
599,Jason Williams,ORL,16,2011,willija02
600,Jason Williams,MEM,11,2011,willija02
601,Jawad Williams,CLE,26,2011,willija04
602,Lou Williams,PHI,75,2011,willilo02
603,Marvin Williams,ATL,65,2011,willima02
605,Mo Williams,CLE,36,2011,willima01
606,Mo Williams,LAC,22,2011,willima01
607,Reggie Williams,GSW,80,2011,willire02
608,Shawne Williams,NYK,64,2011,willish03
610,Shelden Williams,DEN,42,2011,willish02
611,Shelden Williams,NYK,17,2011,willish02
613,Terrence Williams,NJN,10,2011,willite01
614,Terrence Williams,HOU,11,2011,willite01
615,Metta World Peace,LAL,82,2011,artesro01
616,Antoine Wright,SAC,7,2011,wrighan01
618,Brandan Wright,GSW,21,2011,wrighbr03
619,Brandan Wright,NJN,16,2011,wrighbr03
620,Dorell Wright,GSW,82,2011,wrighdo01
621,Julian Wright,TOR,52,2011,wrighju01
622,Nick Young,WAS,64,2011,youngni01
623,Sam Young,MEM,78,2011,youngsa01
624,Thaddeus Young,PHI,82,2011,youngth01
