,Player,Tm,G,Year,ID
0,Tariq Abdul-Wahad,SAC,49,1999,abdulta01
1,Shareef Abdur-Rahim,VAN,50,1999,abdursh01
2,Cory Alexander,DEN,36,1999,alexaco01
3,Ray Allen,MIL,50,1999,allenra02
4,Peter Aluma,SAC,2,1999,alumape01
5,Derek Anderson,CLE,38,1999,anderde01
6,Kenny Anderson,BOS,34,1999,anderke01
7,Nick Anderson,ORL,47,1999,anderni01
8,Shandon Anderson,UTA,50,1999,andersh01
9,Chris Anstey,DAL,41,1999,anstech01
10,Greg Anthony,POR,50,1999,anthogr01
12,B.J. Armstrong,CHH,10,1999,armstbj01
13,B.J. Armstrong,ORL,22,1999,armstbj01
14,Darrell Armstrong,ORL,50,1999,armstda01
15,Keith Askins,MIA,33,1999,askinke01
16,Stacey Augmon,POR,48,1999,augmost01
17,Isaac Austin,ORL,49,1999,austiis01
18,Anthony Avent,UTA,5,1999,aventan01
19,Thurl Bailey,UTA,43,1999,baileth01
20,Toby Bailey,PHO,27,1999,baileto01
21,LaMark Baker,TOR,1,1999,bakerla01
22,Vin Baker,SEA,34,1999,bakervi01
23,Charles Barkley,HOU,42,1999,barklch01
24,Dana Barros,BOS,50,1999,barroda01
25,Brent Barry,CHI,37,1999,barrybr01
26,Drew Barry,SEA,17,1999,barrydr01
27,Jon Barry,SAC,43,1999,barryjo01
28,Tony Battie,BOS,50,1999,battito01
30,Corey Beck,DET,8,1999,beckco01
31,Corey Beck,CHH,16,1999,beckco01
32,Benoit Benjamin,PHI,6,1999,benjabe01
33,Corey Benjamin,CHI,31,1999,benjaco01
34,Mario Bennett,CHI,3,1999,bennema01
35,Travis Best,IND,49,1999,besttr01
36,Mike Bibby,VAN,50,1999,bibbymi01
37,Chauncey Billups,DEN,45,1999,billuch01
38,Mookie Blaylock,ATL,48,1999,blaylmo01
40,Corie Blount,LAL,14,1999,blounco01
41,Corie Blount,CLE,20,1999,blounco01
42,Muggsy Bogues,GSW,36,1999,boguemu01
43,Etdrick Bohannon,WAS,2,1999,bohanet01
44,Keith Booth,CHI,39,1999,boothke01
45,Bruce Bowen,BOS,30,1999,bowenbr01
47,Earl Boykins,NJN,5,1999,boykiea01
48,Earl Boykins,CLE,17,1999,boykiea01
49,Shawn Bradley,DAL,49,1999,bradlsh01
51,Terrell Brandon,MIL,15,1999,brandte01
52,Terrell Brandon,MIN,21,1999,brandte01
53,Chucky Brown,CHH,48,1999,brownch01
54,Dee Brown,TOR,49,1999,brownde01
55,Gerald Brown,PHO,33,1999,brownge02
56,P.J. Brown,MIA,50,1999,brownpj01
57,Randy Brown,CHI,39,1999,brownra02
58,Rick Brunson,NYK,17,1999,brunsri01
59,Kobe Bryant,LAL,50,1999,bryanko01
60,Mark Bryant,CHI,45,1999,bryanma01
61,Jud Buechler,DET,50,1999,buechju01
62,Matt Bullard,HOU,41,1999,bullama01
63,Scott Burrell,NJN,32,1999,burresc01
64,Willie Burton,CHH,3,1999,burtowi01
65,Mitchell Butler,CLE,31,1999,butlemi02
66,Jason Caffey,GSW,35,1999,caffeja01
67,Marcus Camby,NYK,46,1999,cambyma01
69,Elden Campbell,LAL,17,1999,campbel01
70,Elden Campbell,CHH,32,1999,campbel01
71,Antoine Carr,HOU,18,1999,carran01
73,Chris Carr,MIN,11,1999,carrch01
74,Chris Carr,NJN,28,1999,carrch01
75,Cory Carr,CHI,42,1999,carrco01
76,Vince Carter,TOR,50,1999,cartevi01
78,Sam Cassell,NJN,4,1999,cassesa01
79,Sam Cassell,MIL,4,1999,cassesa01
80,Kelvin Cato,POR,43,1999,catoke01
81,Duane Causwell,MIA,19,1999,causwdu01
82,Cedric Ceballos,DAL,13,1999,cebalce01
83,Rex Chapman,PHO,38,1999,chapmre01
84,Calbert Cheaney,WAS,50,1999,cheanca01
85,Pete Chilcutt,VAN,46,1999,chilcpe01
86,Chris Childs,NYK,48,1999,childch01
87,Doug Christie,TOR,50,1999,chrisdo01
88,Keon Clark,DEN,28,1999,clarkke01
89,Keith Closs,LAC,15,1999,closske01
90,John Coker,WAS,14,1999,cokerjo01
91,Derrick Coleman,CHH,37,1999,colemde01
92,Bimbo Coles,GSW,48,1999,colesbi01
93,Marty Conlon,MIA,7,1999,conloma01
94,Tyrone Corbin,ATL,47,1999,corbity01
95,James Cotton,SEA,10,1999,cottoja02
96,Chris Crawford,ATL,42,1999,crawfch01
97,Austin Croshere,IND,27,1999,croshau01
99,John Crotty,POR,3,1999,crottjo01
100,John Crotty,SEA,24,1999,crottjo01
101,Terry Cummings,GSW,50,1999,cummite01
103,William Cunningham,TOR,1,1999,cunniwi01
104,William Cunningham,NJN,15,1999,cunniwi01
105,Bill Curley,MIN,35,1999,curlebi01
106,Dell Curry,MIL,42,1999,curryde01
107,Michael Curry,MIL,50,1999,currymi01
108,Erick Dampier,GSW,50,1999,dampier01
109,Antonio Daniels,SAS,47,1999,daniean01
110,Kornel David,CHI,50,1999,davidko01
111,Antonio Davis,IND,49,1999,davisan01
112,Ben Davis,NYK,8,1999,davisbe01
113,Dale Davis,IND,50,1999,davisda01
114,Hubert Davis,DAL,50,1999,davishu01
115,Mark Davis,MIA,4,1999,davisma02
116,Ricky Davis,CHH,46,1999,davisri01
117,Terry Davis,WAS,37,1999,daviste01
119,Andrew DeClercq,BOS,14,1999,declean01
120,Andrew DeClercq,CLE,33,1999,declean01
122,Terry Dehere,SAC,4,1999,deherte01
123,Terry Dehere,VAN,22,1999,deherte01
124,Vinny Del Negro,MIL,48,1999,delnevi01
125,Bison Dele,DET,49,1999,delebi01
126,Tony Delk,GSW,36,1999,delkto01
127,Michael Dickerson,HOU,50,1999,dickemi01
128,Vlade Divac,SAC,50,1999,divacvl01
129,Michael Doleac,ORL,49,1999,doleami01
130,Sherman Douglas,LAC,30,1999,douglsh01
131,Bryce Drew,HOU,34,1999,drewbr01
132,Chris Dudley,NYK,46,1999,dudlech02
133,Joe Dumars,DET,38,1999,dumarjo01
134,Tim Duncan,SAS,50,1999,duncati01
135,Blue Edwards,MIA,24,1999,edwarbl01
136,Howard Eisley,UTA,50,1999,eisleho01
137,Mario Elie,SAS,47,1999,eliema01
138,Sean Elliott,SAS,50,1999,elliose01
139,Dale Ellis,SEA,48,1999,ellisda01
140,LaPhonso Ellis,ATL,20,1999,ellisla01
142,Brian Evans,NJN,11,1999,evansbr01
143,Brian Evans,MIN,5,1999,evansbr01
144,Patrick Ewing,NYK,38,1999,ewingpa01
146,Jamie Feick,MIL,2,1999,feickja01
147,Jamie Feick,NJN,26,1999,feickja01
148,Duane Ferrell,GSW,8,1999,ferredu01
149,Danny Ferry,CLE,50,1999,ferryda01
150,Michael Finley,DAL,50,1999,finlemi01
151,Derek Fisher,LAL,50,1999,fishede01
152,Danny Fortson,DEN,50,1999,fortsda01
153,Greg Foster,UTA,42,1999,fostegr01
154,Rick Fox,LAL,44,1999,foxri01
155,Adonal Foyle,GSW,44,1999,foylead01
156,Todd Fuller,UTA,42,1999,fulleto02
157,Lawrence Funderburke,SAC,47,1999,fundela01
158,Kevin Garnett,MIN,47,1999,garneke01
159,Marlon Garnett,BOS,24,1999,garnema01
160,Dean Garrett,MIN,49,1999,garrede01
161,Pat Garrity,PHO,39,1999,garripa01
163,Chris Gatling,NJN,18,1999,gatlich01
164,Chris Gatling,MIL,30,1999,gatlich01
165,Andrew Gaze,SAS,19,1999,gazean01
166,Matt Geiger,PHI,50,1999,geigema01
167,Kendall Gill,NJN,50,1999,gillke01
168,Armen Gilliam,MIL,34,1999,gilliar01
169,Brian Grant,POR,48,1999,grantbr01
170,Gary Grant,POR,2,1999,grantga01
171,Harvey Grant,PHI,47,1999,grantha01
172,Horace Grant,ORL,50,1999,grantho01
174,Paul Grant,MIN,4,1999,grantpa01
175,Paul Grant,MIL,2,1999,grantpa01
176,Ed Gray,ATL,30,1999,grayed01
177,A.C. Green,DAL,50,1999,greenac01
178,Litterial Green,CLE,1,1999,greenli01
179,Tom Gugliotta,PHO,43,1999,guglito01
180,Tom Hammonds,MIN,49,1999,hammoto01
181,Anfernee Hardaway,ORL,50,1999,hardaan01
182,Tim Hardaway,MIA,48,1999,hardati01
183,Derek Harper,LAL,45,1999,harpede01
184,Ron Harper,CHI,35,1999,harpero01
185,Matt Harpring,ORL,50,1999,harprma01
186,Al Harrington,IND,21,1999,harrial01
187,Othella Harrington,HOU,41,1999,harriot01
188,Lucious Harris,NJN,36,1999,harrilu01
189,Hersey Hawkins,SEA,50,1999,hawkihe01
190,Michael Hawkins,SAC,24,1999,hawkimi01
191,Alan Henderson,ATL,38,1999,hendeal01
192,Cedric Henderson,CLE,50,1999,hendece02
193,J.R. Henderson,VAN,30,1999,hendejr01
194,Mark Hendrickson,NJN,22,1999,hendrma01
195,Steve Henson,DET,4,1999,hensost01
197,Carl Herrera,VAN,4,1999,herreca01
198,Carl Herrera,DEN,24,1999,herreca01
199,Grant Hill,DET,50,1999,hillgr01
201,Tyrone Hill,MIL,17,1999,hillty01
202,Tyrone Hill,PHI,21,1999,hillty01
203,Fred Hoiberg,IND,12,1999,hoibefr01
205,Jerald Honeycutt,MIL,3,1999,honeyje01
206,Jerald Honeycutt,PHI,13,1999,honeyje01
207,Jeff Hornacek,UTA,48,1999,hornaje01
208,Robert Horry,LAL,38,1999,horryro01
209,Allan Houston,NYK,50,1999,houstal01
210,Juwan Howard,WAS,36,1999,howarju01
211,Troy Hudson,LAC,25,1999,hudsotr01
212,Larry Hughes,PHI,50,1999,hughela01
213,Lindsey Hunter,DET,49,1999,hunteli01
214,Zydrunas Ilgauskas,CLE,5,1999,ilgauzy01
215,Allen Iverson,PHI,48,1999,iversal01
216,Bobby Jackson,MIN,50,1999,jacksbo01
217,Jaren Jackson,SAS,47,1999,jacksja01
218,Jim Jackson,POR,49,1999,jacksji01
219,Mark Jackson,IND,49,1999,jacksma01
220,Randell Jackson,WAS,27,1999,jacksra02
221,Sam Jacobson,LAL,2,1999,jacobsa01
222,Jerome James,SAC,16,1999,jamesje01
223,Antawn Jamison,GSW,47,1999,jamisan01
224,Anthony Johnson,ATL,49,1999,johnsan02
225,Avery Johnson,SAS,50,1999,johnsav01
226,Eddie Johnson,HOU,3,1999,johnsed03
227,Ervin Johnson,MIL,50,1999,johnser02
228,Larry Johnson,NYK,49,1999,johnsla02
229,Charles Jones,CHI,29,1999,jonesch03
231,Damon Jones,NJN,11,1999,jonesda01
232,Damon Jones,BOS,13,1999,jonesda01
234,Eddie Jones,LAL,20,1999,jonesed02
235,Eddie Jones,CHH,30,1999,jonesed02
236,Popeye Jones,BOS,18,1999,jonespo01
237,Adonis Jordan,MIL,4,1999,jordaad01
238,Reggie Jordan,MIN,27,1999,jordare01
239,Adam Keefe,UTA,44,1999,keefead01
240,Shawn Kemp,CLE,42,1999,kempsh01
241,Jonathan Kerner,ORL,1,1999,kernejo01
242,Steve Kerr,SAS,44,1999,kerrst01
243,Jerome Kersey,SAS,45,1999,kerseje01
244,Jason Kidd,PHO,50,1999,kiddja01
245,Chris King,UTA,8,1999,kingch01
246,Gerard King,SAS,19,1999,kingge02
247,Kerry Kittles,NJN,46,1999,kittlke01
248,Joe Kleine,PHO,31,1999,kleinjo01
249,Brevin Knight,CLE,39,1999,knighbr01
250,Negele Knight,TOR,6,1999,knighne01
251,Travis Knight,LAL,37,1999,knightr01
252,Toni Kukoc,CHI,44,1999,kukocto01
253,Christian Laettner,DET,16,1999,laettch01
254,Raef LaFrentz,DEN,12,1999,lafrera01
255,Andrew Lang,CHI,21,1999,langan01
256,Antonio Lang,CLE,10,1999,langan02
257,Rusty LaRue,CHI,43,1999,larueru01
258,Tim Legler,WAS,30,1999,legleti01
259,Voshon Lenard,MIA,12,1999,lenarvo01
260,Rashard Lewis,SEA,20,1999,lewisra02
261,Randy Livingston,PHO,1,1999,livinra01
262,Grant Long,ATL,50,1999,longgr01
263,Luc Longley,PHO,39,1999,longllu01
264,Felipe Lopez,VAN,47,1999,lopezfe01
265,Tyronn Lue,LAL,15,1999,luety01
266,George Lynch,PHI,43,1999,lynchge01
268,Sam Mack,VAN,19,1999,macksa01
269,Sam Mack,HOU,25,1999,macksa01
270,Don MacLean,SEA,17,1999,macledo01
271,Mark Macon,DET,7,1999,maconma01
272,Rick Mahorn,PHI,16,1999,mahorri01
273,Dan Majerle,MIA,48,1999,majerda01
274,Karl Malone,UTA,49,1999,malonka01
275,Matt Maloney,HOU,15,1999,malonma01
276,Danny Manning,PHO,50,1999,mannida01
278,Stephon Marbury,MIN,18,1999,marbust01
279,Stephon Marbury,NJN,31,1999,marbust01
280,Sean Marks,TOR,8,1999,marksse01
281,Donyell Marshall,GSW,48,1999,marshdo01
282,Darrick Martin,LAC,37,1999,martida01
283,Jamal Mashburn,MIA,24,1999,mashbja01
284,Tony Massenburg,VAN,43,1999,masseto01
285,Vernon Maxwell,SAC,46,1999,maxweve01
286,Lee Mayberry,VAN,9,1999,maybele01
287,Kelly McCarty,DEN,2,1999,mccarke01
288,Walter McCarty,BOS,32,1999,mccarwa01
289,George McCloud,PHO,48,1999,mccloge01
290,Jelani McCoy,SEA,26,1999,mccoyje01
291,Antonio McDyess,DEN,50,1999,mcdyean01
292,Tracy McGrady,TOR,49,1999,mcgratr01
293,Jim McIlvaine,NJN,22,1999,mcilvji01
294,Jeff McInnis,WAS,35,1999,mcinnje01
295,Derrick McKey,IND,13,1999,mckeyde01
296,Aaron McKie,PHI,50,1999,mckieaa01
297,Roshown McLeod,ATL,34,1999,mcleoro01
298,Ron Mercer,BOS,41,1999,mercero01
299,Loren Meyer,DEN,14,1999,meyerlo01
300,Marko Milic,PHO,11,1999,milicma01
301,Anthony Miller,HOU,29,1999,millean01
302,Brad Miller,CHH,38,1999,millebr01
303,Oliver Miller,SAC,4,1999,milleol01
304,Reggie Miller,IND,50,1999,millere01
305,Chris Mills,GSW,47,1999,millsch01
306,Terry Mills,MIA,1,1999,millste01
307,Greg Minor,BOS,44,1999,minorgr01
308,Sam Mitchell,MIN,50,1999,mitchsa01
309,Cuttino Mobley,HOU,49,1999,moblecu01
310,Nazr Mohammed,PHI,26,1999,mohamna01
311,Eric Montross,DET,46,1999,montrer01
312,Mikki Moore,DET,2,1999,mooremi01
313,Chris Morris,PHO,44,1999,morrich01
314,Alonzo Mourning,MIA,46,1999,mournal01
315,Chris Mullin,IND,50,1999,mullich01
316,Eric Murdock,NJN,15,1999,murdoer01
317,Gheorghe Muresan,NJN,1,1999,muresgh01
318,Lamond Murray,LAC,50,1999,murrala01
319,Tracy Murray,WAS,36,1999,murratr01
320,Dikembe Mutombo,ATL,50,1999,mutomdi01
321,Makhtar N'Diaye,VAN,4,1999,ndiayma01
322,Steve Nash,DAL,40,1999,nashst01
323,Tyrone Nesby,LAC,50,1999,nesbyty01
324,Rasho Nesterovic,MIN,2,1999,nestera01
325,Johnny Newman,CLE,50,1999,newmajo01
326,Moochie Norris,SEA,12,1999,norrimo01
327,Dirk Nowitzki,DAL,47,1999,nowitdi01
328,Charles O'Bannon,DET,18,1999,obannch01
329,Jermaine O'Neal,POR,36,1999,onealje01
330,Shaquille O'Neal,LAL,49,1999,onealsh01
331,Charles Oakley,TOR,50,1999,oaklech01
332,Hakeem Olajuwon,HOU,50,1999,olajuha01
333,Jimmy Oliver,PHO,2,1999,oliveji01
335,Kevin Ollie,SAC,7,1999,ollieke01
336,Kevin Ollie,ORL,1,1999,ollieke01
337,Michael Olowokandi,LAC,45,1999,olowomi01
338,Greg Ostertag,UTA,48,1999,ostergr01
339,Bo Outlaw,ORL,31,1999,outlabo01
341,Doug Overton,ORL,6,1999,overtdo01
342,Doug Overton,NJN,8,1999,overtdo01
343,Doug Overton,PHI,10,1999,overtdo01
344,Billy Owens,SEA,21,1999,owensbi01
345,Robert Pack,DAL,25,1999,packro01
346,Anthony Parker,PHI,2,1999,parkean01
347,Cherokee Parks,VAN,48,1999,parksch02
348,Andrae Patterson,MIN,35,1999,pattean01
349,Ruben Patterson,LAL,24,1999,patteru01
350,Gary Payton,SEA,50,1999,paytoga01
351,Anthony Peeler,MIN,28,1999,peelean01
352,Will Perdue,SAS,37,1999,perduwi01
353,Sam Perkins,IND,48,1999,perkisa01
355,Elliot Perry,MIL,5,1999,perryel01
356,Elliot Perry,NJN,30,1999,perryel01
357,Chuck Person,CHH,50,1999,persoch01
358,Wesley Person,CLE,45,1999,persowe01
359,Bobby Phills,CHH,43,1999,phillbo01
360,Eric Piatkowski,LAC,49,1999,piatker01
361,Paul Pierce,BOS,48,1999,piercpa01
362,Scottie Pippen,HOU,50,1999,pippesc01
363,Scot Pollard,SAC,16,1999,pollasc01
364,Olden Polynice,SEA,48,1999,polynol01
365,Mark Pope,IND,4,1999,popema01
366,Terry Porter,MIA,50,1999,portete01
368,Vitaly Potapenko,CLE,17,1999,potapvi01
369,Vitaly Potapenko,BOS,33,1999,potapvi01
370,Brent Price,HOU,40,1999,pricebr01
371,Theo Ratliff,PHI,50,1999,ratlith01
372,Eldridge Recasner,CHH,44,1999,recasel01
373,Bryant Reeves,VAN,25,1999,reevebr01
374,Khalid Reeves,DET,11,1999,reevekh01
375,Don Reid,DET,47,1999,reiddo01
377,J.R. Reid,CHH,16,1999,reidjr01
378,J.R. Reid,LAL,25,1999,reidjr01
379,Shawn Respert,PHO,12,1999,respesh01
381,Rodrick Rhodes,HOU,3,1999,rhodero01
382,Rodrick Rhodes,VAN,10,1999,rhodero01
383,Glen Rice,LAL,27,1999,ricegl01
384,Pooh Richardson,LAC,11,1999,richapo01
385,Mitch Richmond,WAS,50,1999,richmmi01
386,Isaiah Rider,POR,47,1999,rideris01
387,Eric Riley,BOS,35,1999,rileyer01
388,Stanley Roberts,HOU,6,1999,roberst01
389,Clifford Robinson,PHO,50,1999,robincl02
390,David Robinson,SAS,49,1999,robinda01
391,Glenn Robinson,MIL,47,1999,robingl01
393,James Robinson,LAC,14,1999,robinja02
394,James Robinson,MIN,17,1999,robinja02
395,Dennis Rodman,LAL,23,1999,rodmade01
396,Carlos Rogers,POR,2,1999,rogerca01
397,Rodney Rogers,LAC,47,1999,rogerro01
398,Sean Rooks,LAL,36,1999,rooksse01
399,Jalen Rose,IND,49,1999,roseja01
400,Malik Rose,SAS,47,1999,rosema01
401,Bryon Russell,UTA,50,1999,russebr01
402,Arvydas Sabonis,POR,50,1999,sabonar01
403,Jason Sasser,VAN,6,1999,sasseja01
404,Danny Schayes,ORL,19,1999,schayda01
405,Dwayne Schintzius,BOS,16,1999,schindw01
406,Detlef Schrempf,SEA,50,1999,schrede01
408,Dennis Scott,NYK,15,1999,scottde01
409,Dennis Scott,MIN,21,1999,scottde01
410,Malik Sealy,MIN,31,1999,sealyma01
411,Rony Seikaly,NJN,9,1999,seikaro01
412,Charles Shackleford,CHH,32,1999,shackch01
413,Brian Shaw,POR,1,1999,shawbr01
414,Casey Shaw,PHI,9,1999,shawca01
415,Jeff Sheppard,ATL,18,1999,sheppje01
416,Miles Simon,ORL,5,1999,simonmi01
417,Dickey Simpkins,CHI,50,1999,simpkdi01
418,Alvin Sims,PHO,4,1999,simsal01
419,Brian Skinner,LAC,21,1999,skinnbr01
420,Reggie Slater,TOR,30,1999,slatere01
421,Charles Smith,LAC,23,1999,smithch04
422,Joe Smith,MIN,43,1999,smithjo02
423,Michael Smith,VAN,48,1999,smithmi02
424,Steve Smith,ATL,36,1999,smithst01
425,Rik Smits,IND,49,1999,smitsri01
426,Eric Snow,PHI,48,1999,snower01
427,Felton Spencer,GSW,26,1999,spencfe01
428,Latrell Sprewell,NYK,37,1999,sprewla01
429,Ryan Stack,CLE,18,1999,stackry01
430,Jerry Stackhouse,DET,42,1999,stackje01
431,John Starks,GSW,50,1999,starkjo01
432,Vladimir Stepania,SEA,23,1999,stepavl01
433,Michael Stewart,TOR,42,1999,stewami01
434,Bryant Stith,DEN,46,1999,stithbr01
435,John Stockton,UTA,50,1999,stockjo01
436,Peja Stojakovic,SAC,48,1999,stojape01
437,Damon Stoudamire,POR,50,1999,stoudda01
438,Erick Strickland,DAL,33,1999,stricer01
439,Mark Strickland,MIA,32,1999,stricma01
440,Rod Strickland,WAS,44,1999,stricro02
441,Derek Strong,ORL,44,1999,stronde01
442,Bruno Sundov,DAL,3,1999,sundobr01
443,Bob Sura,CLE,50,1999,surabo01
444,Johnny Taylor,DEN,36,1999,taylojo01
445,Maurice Taylor,LAC,46,1999,tayloma01
446,John Thomas,TOR,39,1999,thomajo02
447,Kurt Thomas,NYK,50,1999,thomaku01
449,Tim Thomas,PHI,17,1999,thomati01
450,Tim Thomas,MIL,33,1999,thomati01
451,Otis Thorpe,WAS,49,1999,thorpot01
452,Robert Traylor,MIL,49,1999,traylro01
453,Gary Trent,DAL,45,1999,trentga01
454,Nick Van Exel,DEN,50,1999,vanexni01
455,Keith Van Horn,NJN,42,1999,vanhoke01
456,David Vaughn,NJN,10,1999,vaughda02
457,Jacque Vaughn,UTA,19,1999,vaughja01
458,Loy Vaught,DET,37,1999,vaughlo01
459,Stojko Vrankovic,LAC,2,1999,vrankst01
460,Antoine Walker,BOS,42,1999,walkean02
461,Samaki Walker,DAL,39,1999,walkesa01
462,Ben Wallace,WAS,46,1999,wallabe01
463,John Wallace,TOR,48,1999,wallajo01
464,Rasheed Wallace,POR,49,1999,wallara01
465,Rex Walters,MIA,33,1999,waltere01
466,Charlie Ward,NYK,50,1999,wardch01
467,Eric Washington,DEN,38,1999,washier01
468,Jamie Watson,MIA,3,1999,watsoja01
469,Clarence Weatherspoon,MIA,49,1999,weathcl01
470,Chris Webber,SAC,42,1999,webbech01
471,Bonzi Wells,POR,7,1999,wellsbo01
472,Bill Wennington,CHI,38,1999,wennibi01
473,David Wesley,CHH,50,1999,wesleda01
474,Doug West,VAN,14,1999,westdo01
475,Mark West,ATL,49,1999,westma01
476,DeJuan Wheat,VAN,46,1999,wheatde01
477,Tyson Wheeler,DEN,1,1999,wheelty01
478,Jahidi White,WAS,20,1999,whiteja01
479,Chris Whitney,WAS,39,1999,whitnch01
480,Dominique Wilkins,ORL,27,1999,wilkido01
481,Gerald Wilkins,ORL,3,1999,wilkige01
482,Aaron Williams,SEA,40,1999,williaa01
483,Alvin Williams,TOR,50,1999,willial02
484,Brandon Williams,SAS,3,1999,willibr01
485,Eric Williams,DEN,38,1999,willier01
486,Herb Williams,NYK,6,1999,willihe01
487,Hot Rod Williams,DAL,25,1999,williho01
488,Jason Williams,SAC,50,1999,willija02
489,Jayson Williams,NJN,30,1999,willija01
490,Jerome Williams,DET,50,1999,willije01
491,Micheal Williams,TOR,2,1999,willimi02
492,Monty Williams,DEN,1,1999,willimo01
494,Scott Williams,PHI,2,1999,willisc01
495,Scott Williams,MIL,5,1999,willisc01
496,Shammond Williams,ATL,2,1999,willish01
497,Travis Williams,CHH,8,1999,willitr01
498,Walt Williams,POR,48,1999,williwa02
499,Corliss Williamson,SAC,50,1999,willico02
500,Kevin Willis,TOR,42,1999,willike02
501,David Wingate,NYK,20,1999,wingada01
502,Trevor Winter,MIN,1,1999,wintetr01
503,Joe Wolf,CHH,3,1999,wolfjo01
504,Haywoode Workman,MIL,29,1999,workmha01
505,Lorenzen Wright,LAC,48,1999,wrighlo02
506,Korleone Young,DET,3,1999,youngko01
